Source_File,Id,Timestamp,Prev Signal Value,Changepoint Value,Next Signal Value,Changepoint Significance,Average Signal Over Window
1,8,0.48048048048048,239710.05,228471.3,214968.15,0.29225352112676056,256360.05
1,10,0.600600600600601,214968.15,201481.65,196803.0,0.2852112676056338,221719.72499999998
1,17,1.02102102102102,195737.4,183599.55,157292.55,0.1619718309859155,197430.94285714283
1,18,1.08108108108108,183599.55,157292.55,151348.5,0.43661971830985913,183599.55
1,42,2.52252252252252,140009.85,111854.7,88428.15,0.7816901408450704,147380.25
1,43,2.58258258258258,111854.7,88428.15,85297.95,0.18661971830985916,111854.7
1,72,4.32432432432432,82833.75,73476.45,66949.65,0.852112676056338,84787.54137931034
1,111,6.66666666666667,60805.8,43523.1,40476.15,1.0,67013.26153846153
1,159,9.54954954954955,37062.9,30669.3,27572.4,0.8873239436619719,39887.85
1,246,14.7747747747748,24092.55,19047.6,16683.3,0.7605633802816901,27021.418965517238
1,325,19.5195195195195,12271.05,9440.55,9607.05,0.6971830985915493,13800.953164556962
1,464,27.8678678678679,8424.9,6160.5,5994.0,0.7147887323943662,9523.8
1,555,33.3333333333333,5644.35,4911.75,4362.3,0.41901408450704225,5899.954945054946
1,630,37.8378378378378,3912.75,3113.55,2297.7,0.4612676056338028,4131.197999999999
1,673,40.4204204204204,2397.6,1565.1,1814.85,0.1795774647887324,2393.3406976744186
1,998,59.9399399399399,1748.25,1315.35,965.7,0.0,1410.0756923076922
10,8,0.48048048048048,18381.6,16933.05,16500.15,0.6905829596412556,19328.56875
10,11,0.660660660660661,17132.85,15834.15,16600.05,0.242152466367713,16855.35
10,26,1.56156156156156,16033.95,15817.5,15118.2,0.3452914798206278,16148.279999999999
10,55,3.3033033033033,15534.45,16616.7,16366.95,0.5022421524663677,15593.012068965516
10,57,3.42342342342342,16366.95,17615.7,18331.65,0.672645739910314,16491.825
10,80,4.8048048048048,18348.3,17382.6,16483.5,0.2556053811659193,17964.62608695652
10,81,4.86486486486486,17382.6,16483.5,16799.85,0.484304932735426,17382.6
10,100,6.00600600600601,14552.1,11072.25,9790.2,1.0,16259.163157894738
10,165,9.90990990990991,5644.35,4811.85,4761.9,0.9551569506726457,8132.628461538461
10,167,10.03003003003,4761.9,2980.35,2497.5,0.34977578475336324,4786.875
10,232,13.9339339339339,2314.35,1881.45,1665.0,0.8295964125560538,2562.563076923077
10,233,13.993993993994,1881.45,1665.0,1332.0,0.2825112107623318,1881.45
10,318,19.0990990990991,1265.4,915.75,782.55,0.8026905829596412,1399.7752941176473
10,428,25.7057057057057,616.05,283.05,466.2,0.7309417040358744,741.6818181818181
10,560,33.6336336336336,299.7,116.55,149.85,0.29596412556053814,273.46363636363634
10,998,59.9399399399399,266.4,299.7,183.15,0.0,187.74965753424658
11,6,0.36036036036036,12637.35,11671.65,11072.25,0.3110236220472441,12185.025000000001
11,7,0.42042042042042,11671.65,11072.25,11388.6,0.28346456692913385,11671.65
11,41,2.46246246246246,12037.95,11255.4,11205.45,0.2755905511811024,11268.622058823528
11,51,3.06306306306306,11771.55,10772.55,11005.65,0.2992125984251969,11317.005
11,55,3.3033033033033,11371.95,10805.85,11105.55,0.2952755905511811,11176.3125
11,73,4.38438438438438,10905.75,10223.1,10239.75,0.2795275590551181,11136.075
11,75,4.5045045045045,10239.75,7908.75,6876.45,0.8543307086614174,10231.425
11,87,5.22522522522523,4478.85,5444.55,4961.7,0.22440944881889763,5198.9625
11,99,5.94594594594595,4628.7,5144.85,5244.75,0.2795275590551181,4902.037499999999
11,106,6.36636636636637,5278.05,4578.75,4662.0,0.3700787401574803,5123.442857142857
11,127,7.62762762762763,5994.0,4562.1,4745.25,0.33070866141732286,4937.914285714286
11,154,9.24924924924925,4279.05,2780.55,1948.05,0.8818897637795275,4830.349999999999
11,251,15.0750750750751,1098.9,666.0,499.5,1.0,1273.2958762886597
11,329,19.7597597597598,499.5,349.65,366.3,0.6614173228346457,562.6846153846154
11,435,26.1261261261261,283.05,233.1,233.1,0.4448818897637795,299.8570754716981
11,998,59.9399399399399,249.75,233.1,149.85,0.0,203.6741563055062
12,8,0.48048048048048,5960.7,6360.3,5994.0,0.32608695652173914,6133.44375
12,13,0.780780780780781,6593.4,5960.7,5444.55,0.3217391304347826,6416.909999999999
12,21,1.26126126126126,6776.55,5544.45,5561.1,0.23478260869565218,6158.41875
12,24,1.44144144144144,4595.4,2014.65,1365.3,0.9391304347826087,5233.65
12,85,5.10510510510511,999.0,632.7,765.9,1.0,1048.4040983606556
12,105,6.30630630630631,949.05,699.3,599.4,0.28695652173913044,817.5150000000001
12,133,7.98798798798799,915.75,632.7,599.4,0.7130434782608696,766.4946428571428
12,134,8.04804804804805,632.7,599.4,482.85,0.3130434782608696,632.7
12,135,8.10810810810811,599.4,482.85,399.6,0.24782608695652175,599.4
12,174,10.4504504504505,432.9,632.7,482.85,0.2608695652173913,523.8346153846154
12,200,12.012012012012,499.5,432.9,249.75,0.24347826086956523,533.4403846153846
12,201,12.0720720720721,432.9,249.75,166.5,0.9739130434782609,432.9
12,275,16.5165165165165,99.9,266.4,216.45,0.2565217391304348,195.52499999999998
12,382,22.9429429429429,149.85,233.1,216.45,0.23478260869565218,189.0630841121495
12,901,54.1141141141141,216.45,133.2,133.2,0.27391304347826084,183.34248554913296
12,998,59.9399399399399,83.25,166.5,149.85,0.0,183.83659793814434
13,7,0.42042042042042,21028.95,22211.1,22810.5,0.6239316239316239,20574.642857142862
13,11,0.660660660660661,22211.1,23676.3,24292.35,0.2692307692307692,22702.275
13,32,1.92192192192192,21245.4,19713.6,17049.6,0.7863247863247863,23269.56428571429
13,33,1.98198198198198,19713.6,17049.6,16583.4,0.2564102564102564,19713.6
13,44,2.64264264264264,15750.9,16317.0,16666.65,0.23504273504273504,16094.495454545453
13,51,3.06306306306306,15451.2,16833.15,16699.95,0.27350427350427353,16202.828571428572
13,71,4.26426426426426,14285.7,11838.15,10023.3,0.2222222222222222,16232.9175
13,72,4.32432432432432,11838.15,10023.3,8491.5,0.7649572649572649,11838.15
13,86,5.16516516516517,6576.75,5611.05,6143.85,0.32905982905982906,7098.846428571428
13,99,5.94594594594595,6127.2,6943.05,6909.75,0.6410256410256411,6150.253846153846
13,131,7.86786786786787,4662.0,2497.5,1848.15,0.9529914529914529,6504.946875
13,133,7.98798798798799,1848.15,1232.1,1198.8,0.18803418803418803,2172.825
13,197,11.8318318318318,1348.65,932.4,782.55,1.0,1323.41484375
13,284,17.0570570570571,732.6,283.05,432.9,0.905982905982906,719.3948275862069
13,391,23.4834834834835,299.7,199.8,233.1,0.5384615384615384,386.21775700934575
13,998,59.9399399399399,183.15,133.2,216.45,0.0,175.414744645799
14,9,0.540540540540541,22860.45,21744.9,21312.0,0.4824561403508772,23504.25
14,10,0.600600600600601,21744.9,21312.0,19347.3,0.2412280701754386,21744.9
14,11,0.660660660660661,21312.0,19347.3,20096.55,0.3157894736842105,21312.0
14,39,2.34234234234234,18081.9,11904.75,11854.8,1.0,20052.54642857143
14,41,2.46246246246246,11854.8,12803.85,13486.5,0.2324561403508772,11879.775
14,86,5.16516516516517,14685.3,13270.05,13586.4,0.4517543859649123,13664.839999999998
14,124,7.44744744744745,12487.5,10855.8,11438.55,0.7631578947368421,13577.198684210527
14,126,7.56756756756757,11438.55,9940.05,10089.9,0.2850877192982456,11147.175
14,134,8.04804804804805,9773.55,8791.2,7908.75,0.37719298245614036,9584.15625
14,175,10.5105105105105,8408.25,7625.7,7875.45,0.6798245614035088,8553.632926829267
14,179,10.7507507507508,7725.6,7326.0,6993.0,0.2719298245614035,7667.325000000001
14,202,12.1321321321321,4512.15,3929.4,3296.7,0.2412280701754386,6629.595652173913
14,203,12.1921921921922,3929.4,3296.7,2797.2,0.4692982456140351,3929.4
14,278,16.6966966966967,782.55,1015.65,682.65,0.34210526315789475,872.4600000000002
14,325,19.5195195195195,616.05,316.35,316.35,0.8421052631578947,800.6170212765959
14,998,59.9399399399399,133.2,249.75,133.2,0.0,194.1840267459138
15,14,0.840840840840841,20013.3,18331.65,18198.45,0.3543307086614173,19691.00357142857
15,25,1.5015015015015,17066.25,12271.05,9174.15,0.9803149606299213,18404.304545454546
15,37,2.22222222222222,8075.25,8974.35,8974.35,0.28346456692913385,8483.175000000001
15,38,2.28228228228228,8974.35,8974.35,9340.65,0.25196850393700787,8974.35
15,46,2.76276276276276,9140.85,9856.8,9174.15,0.452755905511811,9149.175
15,69,4.14414414414414,9340.65,5644.35,3962.7,1.0,9714.91304347826
15,96,5.76576576576577,3230.1,2713.95,3130.2,0.25984251968503935,3253.5333333333324
15,142,8.52852852852853,2930.4,2647.35,2347.65,0.37401574803149606,2982.521739130435
15,143,8.58858858858859,2647.35,2347.65,2181.15,0.7322834645669292,2647.35
15,215,12.9129129129129,1864.8,1381.95,1098.9,0.9212598425196851,2023.2062500000002
15,248,14.8948948948949,1115.55,749.25,949.05,0.31496062992125984,1107.9818181818184
15,302,18.1381381381381,1148.85,799.2,782.55,0.562992125984252,1033.225
15,388,23.3033033033033,949.05,616.05,765.9,0.2440944881889764,817.9796511627909
15,422,25.3453453453453,749.25,516.15,333.0,0.5433070866141733,755.1264705882354
15,423,25.4054054054054,516.15,333.0,366.3,0.41732283464566927,516.15
15,998,59.9399399399399,266.4,166.5,149.85,0.0,210.65869565217392
16,15,0.900900900900901,14918.4,16267.05,15984.0,0.32432432432432434,15674.31
16,27,1.62162162162162,16650.0,13070.25,11172.15,0.9652509652509652,16418.287500000002
16,36,2.16216216216216,10772.55,11921.4,11704.95,0.23938223938223938,11368.250000000002
16,39,2.34234234234234,10905.75,12004.65,11704.95,0.21621621621621623,11510.699999999999
16,66,3.96396396396396,11938.05,10606.05,10339.65,0.22393822393822393,11683.366666666667
16,71,4.26426426426426,9840.15,9140.85,8691.3,0.2084942084942085,10133.189999999999
16,74,4.44444444444444,9107.55,6826.5,5144.85,0.4749034749034749,8979.9
16,75,4.5045045045045,6826.5,5144.85,3696.3,0.5135135135135135,6826.5
16,76,4.56456456456456,5144.85,3696.3,3579.75,0.20077220077220076,5144.85
16,119,7.14714714714715,3146.85,3746.25,3080.25,0.2972972972972973,3278.8883720930235
16,141,8.46846846846847,3113.55,2114.55,1748.25,1.0,3392.815909090909
16,244,14.6546546546547,1332.0,1165.5,882.45,0.6718146718146718,1537.942718446602
16,359,21.5615615615616,932.4,699.3,765.9,0.6061776061776062,951.6560869565217
16,493,29.6096096096096,549.45,416.25,416.25,0.33976833976833976,663.6391791044775
16,617,37.0570570570571,349.65,183.15,133.2,0.30115830115830117,275.7991935483871
16,998,59.9399399399399,166.5,199.8,233.1,0.0,201.19842519685042
17,7,0.42042042042042,13153.5,15068.25,15018.3,0.4775510204081633,14009.785714285714
17,19,1.14114114114114,14135.85,14718.6,16117.2,0.2530612244897959,14289.862500000003
17,28,1.68168168168168,14052.6,11521.8,9490.5,0.9387755102040817,15195.900000000001
17,65,3.9039039039039,9224.1,6610.05,4878.45,0.9346938775510204,10115.549999999997
17,106,6.36636636636637,4029.3,4562.1,3912.75,0.3224489795918367,4183.210975609756
17,108,6.48648648648649,3912.75,4545.45,4945.05,0.4897959183673469,4237.425
17,116,6.96696696696697,4811.85,4329.0,4329.0,0.27755102040816326,4689.05625
17,134,8.04804804804805,3346.65,1981.35,1515.15,1.0,4264.249999999999
17,172,10.3303303303303,1731.6,1332.0,1365.3,0.30612244897959184,1467.390789473684
17,213,12.7927927927928,1348.65,1215.45,666.0,0.2693877551020408,1393.7268292682927
17,214,12.8528528528529,1215.45,666.0,999.0,0.7877551020408163,1215.45
17,307,18.4384384384384,765.9,632.7,532.8,0.6612244897959184,848.9709677419354
17,308,18.4984984984985,632.7,532.8,566.1,0.23265306122448978,632.7
17,424,25.4654654654655,399.6,283.05,316.35,0.6448979591836734,458.01853448275864
17,550,33.033033033033,266.4,116.55,149.85,0.3224489795918367,238.78214285714287
17,998,59.9399399399399,149.85,249.75,183.15,0.0,183.67031249999997
18,9,0.540540540540541,3996.0,4162.5,4512.15,0.2125,3983.0499999999997
18,25,1.5015015015015,3429.9,3379.95,2997.0,0.2375,4055.3156249999997
18,26,1.56156156156156,3379.95,2997.0,2697.3,0.7166666666666667,3379.95
18,34,2.04204204204204,2231.1,2647.35,2664.0,0.4,2449.6312500000004
18,63,3.78378378378378,2430.9,1831.5,1698.3,0.9291666666666667,2609.4568965517237
18,66,3.96396396396396,1581.75,1381.95,1415.25,0.2625,1703.8500000000001
18,78,4.68468468468468,1348.65,1182.15,1282.05,0.3625,1351.425
18,104,6.24624624624625,1215.45,1082.25,1215.45,0.2,1237.2230769230769
18,122,7.32732732732733,1048.95,832.5,832.5,0.8375,1168.2749999999999
18,124,7.44744744744745,832.5,599.4,632.7,0.225,832.5
18,184,11.0510510510511,616.05,183.15,316.35,1.0,605.7825
18,215,12.9129129129129,549.45,299.7,266.4,0.22916666666666666,317.96129032258074
18,290,17.4174174174174,316.35,149.85,199.8,0.7708333333333334,322.78799999999995
18,368,22.1021021021021,216.45,149.85,166.5,0.24166666666666667,206.84423076923076
18,547,32.8528528528529,83.25,283.05,149.85,0.32916666666666666,172.08100558659217
18,998,59.9399399399399,149.85,116.55,99.9,0.008333333333333333,178.1660753880266
19,31,1.86186186186186,4412.25,5294.7,4945.05,0.324,4785.532258064516
19,44,2.64264264264264,5011.65,4678.65,4828.5,0.232,5059.038461538462
19,53,3.18318318318318,5178.15,4312.35,4545.45,0.688,4871.05
19,59,3.54354354354354,4612.05,4029.3,4012.65,0.34,4539.9
19,72,4.32432432432432,4378.95,3746.25,3479.85,0.4,4255.996153846154
19,73,4.38438438438438,3746.25,3479.85,3513.15,0.724,3746.25
19,90,5.40540540540541,2913.75,3280.05,3396.6,0.348,3118.4470588235295
19,125,7.50750750750751,2763.9,2680.65,2364.3,0.64,3322.864285714286
19,126,7.56756756756757,2680.65,2364.3,1981.35,0.3,2680.65
19,158,9.48948948948949,2114.55,2347.65,2097.9,0.256,2129.11875
19,185,11.1111111111111,1714.95,1082.25,1448.55,0.92,2168.8166666666666
19,226,13.5735735735736,982.35,666.0,782.55,0.292,864.1756097560976
19,265,15.9159159159159,765.9,1082.25,1048.95,0.26,846.5884615384615
19,293,17.5975975975976,699.3,299.7,599.4,1.0,886.6125
19,402,24.1441441441441,283.05,216.45,199.8,0.408,316.80825688073395
19,998,59.9399399399399,99.9,166.5,199.8,0.0,183.48523489932884
2,11,0.660660660660661,68165.1,63702.9,63919.35,0.7402135231316725,68221.10454545454
2,46,2.76276276276276,63270.0,61738.2,60606.0,0.40213523131672596,63065.91857142857
2,47,2.82282282282282,61738.2,60606.0,60988.95,0.4804270462633452,61738.2
2,55,3.3033033033033,60939.0,59240.7,59740.2,0.21708185053380782,60982.70625
2,76,4.56456456456456,60522.75,59057.55,58508.1,0.39501779359430605,59970.92142857143
2,98,5.88588588588589,41791.5,30486.15,21461.85,0.7686832740213523,56463.93409090909
2,99,5.94594594594595,30486.15,21461.85,18881.1,0.24199288256227758,30486.15
2,144,8.64864864864865,17565.75,16516.8,16067.25,0.8078291814946619,18546.620000000003
2,196,11.7717717717718,12770.55,10406.25,8857.8,1.0,14828.746153846154
2,289,17.3573573573574,7259.4,6709.95,6809.85,0.49466192170818507,8080.620967741936
2,365,21.9219219219219,5111.55,4711.95,4129.2,0.3416370106761566,5667.134210526315
2,366,21.981981981982,4711.95,4129.2,3929.4,0.47330960854092524,4711.95
2,411,24.6846846846847,3596.4,3030.3,3063.6,0.3238434163701068,3540.9
2,448,26.9069069069069,2647.35,2081.25,2314.35,0.37722419928825623,2788.6500000000005
2,496,29.7897897897898,1831.5,1615.05,1631.7,0.3594306049822064,2075.353125
2,998,59.9399399399399,732.6,666.0,582.75,0.0,812.1684262948207
20,3,0.18018018018018,5477.85,5211.45,5311.35,0.1744186046511628,5483.400000000001
20,5,0.3003003003003,5311.35,6177.15,5710.95,0.25193798449612403,5261.4
20,32,1.92192192192192,5494.5,4578.75,5078.25,1.0,5832.433333333333
20,65,3.9039039039039,4562.1,4761.9,5311.35,0.2248062015503876,4496.509090909091
20,66,3.96396396396396,4761.9,5311.35,5427.9,0.38372093023255816,4761.9
20,74,4.44444444444444,5078.25,4695.3,4428.9,0.3372093023255814,5259.31875
20,75,4.5045045045045,4695.3,4428.9,4362.3,0.4573643410852713,4695.3
20,106,6.36636636636637,3679.65,2464.2,2780.55,0.813953488372093,4412.787096774194
20,141,8.46846846846847,1631.7,2231.1,2231.1,0.22868217054263565,2147.374285714286
20,158,9.48948948948949,1931.4,1581.75,1515.15,0.6744186046511628,2190.9441176470586
20,159,9.54954954954955,1581.75,1515.15,1215.45,0.17054263565891473,1581.75
20,209,12.5525525525526,1082.25,765.9,715.95,0.9496124031007752,1261.0710000000001
20,211,12.6726726726727,715.95,516.15,416.25,0.1744186046511628,740.925
20,295,17.7177177177177,416.25,266.4,266.4,0.5503875968992248,423.78214285714284
20,677,40.6606606606607,283.05,116.55,166.5,0.1744186046511628,182.32185863874344
20,998,59.9399399399399,133.2,233.1,116.55,0.0,180.50467289719626
21,21,1.26126126126126,5760.9,6376.95,6893.1,0.44483985765124556,6157.328571428572
21,32,1.92192192192192,6676.65,5760.9,6027.3,0.18861209964412812,6434.468181818182
21,35,2.1021021021021,5744.25,5328.0,4578.75,0.5516014234875445,5844.150000000001
21,36,2.16216216216216,5328.0,4578.75,3746.25,0.36298932384341637,5328.0
21,83,4.98498498498498,4062.6,3363.3,3080.25,1.0,4636.493617021276
21,93,5.58558558558559,3080.25,2647.35,2514.15,0.12455516014234876,3018.645
21,144,8.64864864864865,2364.3,2830.5,2980.35,0.12099644128113879,2898.4058823529413
21,145,8.70870870870871,2830.5,2980.35,3046.95,0.14590747330960854,2830.5
21,177,10.6306306306306,3130.2,2747.25,2480.85,0.1601423487544484,2929.359375
21,194,11.6516516516517,2897.1,2464.2,2014.65,0.12811387900355872,2806.994117647059
21,195,11.7117117117117,2464.2,2014.65,1598.4,0.8754448398576512,2464.2
21,221,13.2732732732733,1498.5,1848.15,1548.45,0.3167259786476868,1604.8038461538463
21,308,18.4984984984985,1132.2,499.5,399.6,0.9181494661921709,1625.7672413793107
21,355,21.3213213213213,566.1,416.25,499.5,0.12099644128113879,456.98936170212767
21,433,26.006006006006,416.25,249.75,233.1,0.6583629893238434,431.61923076923074
21,998,59.9399399399399,266.4,183.15,183.15,0.0,177.02044247787612
22,17,1.02102102102102,5494.5,5744.25,5860.8,0.4784688995215311,5610.070588235295
22,33,1.98198198198198,5677.65,4895.1,4711.95,1.0,5750.49375
22,34,2.04204204204204,4895.1,4711.95,4445.55,0.3588516746411483,4895.1
22,52,3.12312312312312,4445.55,4062.6,4262.4,0.40669856459330145,4379.875
22,82,4.92492492492492,3529.8,3096.9,2597.4,0.9186602870813397,4124.76
22,83,4.98498498498498,3096.9,2597.4,2297.7,0.31100478468899523,3096.9
22,129,7.74774774774775,2697.3,2114.55,2380.95,0.3014354066985646,2289.3750000000005
22,141,8.46846846846847,2231.1,1998.0,2064.6,0.7177033492822966,2215.8375
22,163,9.78978978978979,2314.35,1914.75,2147.85,0.3397129186602871,2077.465909090909
22,180,10.8108108108108,2214.45,1431.9,1665.0,0.2727272727272727,2012.6911764705878
22,185,11.1111111111111,1531.8,1215.45,782.55,0.5980861244019139,1598.4
22,186,11.1711711711712,1215.45,782.55,715.95,0.6220095693779905,1215.45
22,286,17.1771771771772,699.3,216.45,349.65,0.4880382775119617,532.134
22,289,17.3573573573574,416.25,249.75,283.05,0.3014354066985646,327.45
22,748,44.9249249249249,233.1,116.55,116.55,0.28708133971291866,183.58529411764704
22,998,59.9399399399399,116.55,149.85,166.5,0.0,172.69379999999998
23,9,0.540540540540541,3946.05,4179.15,4262.4,0.27802690582959644,3909.0500000000006
23,34,2.04204204204204,3879.45,3280.05,3346.65,0.7982062780269058,4073.256
23,36,2.16216216216216,3346.65,2713.95,3180.15,0.5201793721973094,3313.3500000000004
23,81,4.86486486486486,2264.4,1914.75,1798.2,1.0,2645.13
23,112,6.72672672672673,1348.65,1515.15,1714.95,0.33183856502242154,1497.9629032258063
23,113,6.78678678678679,1515.15,1714.95,1431.9,0.23318385650224216,1515.15
23,130,7.80780780780781,1498.5,1764.9,1615.05,0.2242152466367713,1525.9235294117648
23,142,8.52852852852853,1698.3,1265.4,1448.55,0.7040358744394619,1626.1499999999999
23,154,9.24924924924925,1315.35,1848.15,1681.65,0.7219730941704036,1408.3125
23,176,10.5705705705706,1465.2,1132.2,765.9,0.4125560538116592,1590.0749999999998
23,177,10.6306306306306,1132.2,765.9,399.6,0.8295964125560538,1132.2
23,283,16.996996996997,432.9,366.3,349.65,0.3452914798206278,512.066037735849
23,284,17.0570570570571,366.3,349.65,299.7,0.2645739910313901,366.3
23,285,17.1171171171171,349.65,299.7,299.7,0.5246636771300448,349.65
23,360,21.6216216216216,266.4,166.5,216.45,0.37668161434977576,263.736
23,998,59.9399399399399,266.4,216.45,166.5,0.0,180.983934169279
24,9,0.540540540540541,5611.05,6160.5,6277.05,0.3576923076923077,5892.25
24,29,1.74174174174174,6310.35,5727.6,5710.95,0.3153846153846154,6020.64
24,35,2.1021021021021,6177.15,5577.75,5677.65,0.5538461538461539,5821.95
24,37,2.22222222222222,5677.65,5311.35,5577.75,0.45,5627.7
24,64,3.84384384384384,4695.3,3812.85,3796.2,0.9730769230769231,5334.166666666665
24,95,5.70570570570571,3762.9,3096.9,3196.8,0.2923076923076923,3392.8403225806446
24,109,6.54654654654655,3196.8,2630.7,2530.8,1.0,3230.1
24,142,8.52852852852853,2064.6,2480.85,2397.6,0.2423076923076923,2364.2999999999997
24,155,9.30930930930931,2763.9,2247.75,2181.15,0.6730769230769231,2493.6576923076927
24,194,11.6516516516517,2314.35,2014.65,1981.35,0.2230769230769231,2325.876923076924
24,197,11.8318318318318,1598.4,915.75,599.4,0.7846153846153846,1864.8
24,292,17.5375375375375,199.8,449.55,399.6,0.33076923076923076,396.62052631578945
24,333,20.0,532.8,283.05,233.1,0.47692307692307695,380.91951219512197
24,334,20.0600600600601,283.05,233.1,249.75,0.3076923076923077,283.05
24,742,44.5645645645646,249.75,166.5,149.85,0.21153846153846154,179.88529411764702
24,998,59.9399399399399,183.15,233.1,216.45,0.0,174.825
25,24,1.44144144144144,6576.75,5444.55,5411.25,0.55078125,6010.650000000001
25,26,1.56156156156156,5411.25,4895.1,4795.2,0.4921875,5427.9
25,53,3.18318318318318,5211.45,4612.05,4312.35,0.28125,4916.6833333333325
25,65,3.9039039039039,5411.25,4362.3,4345.65,0.3125,4799.3625
25,67,4.02402402402402,4345.65,4279.05,4112.55,0.3828125,4353.975
25,68,4.08408408408408,4279.05,4112.55,3796.2,0.4296875,4279.05
25,69,4.14414414414414,4112.55,3796.2,3729.6,0.234375,4112.55
25,92,5.52552552552553,3579.75,3812.85,3912.75,0.3046875,3699.195652173913
25,118,7.08708708708709,3463.2,2797.2,2097.9,0.8671875,3711.669230769231
25,143,8.58858858858859,2031.3,2597.4,2647.35,0.421875,2320.344
25,168,10.0900900900901,2131.2,1481.85,1764.9,0.91796875,2407.5899999999997
25,259,15.5555555555556,1531.8,965.7,799.2,1.0,1475.4461538461535
25,372,22.3423423423423,632.7,466.2,233.1,0.58203125,710.7929203539823
25,373,22.4024024024024,466.2,233.1,299.7,0.32421875,466.2
25,510,30.6306306306306,316.35,199.8,216.45,0.21875,263.96934306569347
25,998,59.9399399399399,166.5,199.8,199.8,0.0,182.0581967213115
26,14,0.840840840840841,4711.95,5760.9,5527.8,0.7115384615384616,5044.95
26,34,2.04204204204204,5461.2,4945.05,4195.8,0.17692307692307693,5256.405000000001
26,35,2.1021021021021,4945.05,4195.8,4578.75,0.8923076923076924,4945.05
26,47,2.82282282282282,4828.5,3812.85,4295.7,0.3,4341.4875
26,59,3.54354354354354,4195.8,4612.05,4428.9,0.2,4133.3625
26,72,4.32432432432432,4595.4,4212.45,3613.05,0.3576923076923077,4369.984615384615
26,92,5.52552552552553,4312.35,3796.2,3962.7,0.23076923076923078,4193.3025
26,98,5.88588588588589,3429.9,3046.95,2747.25,0.7,3724.0500000000006
26,99,5.94594594594595,3046.95,2747.25,2281.05,0.3,3046.95
26,159,9.54954954954955,2147.85,1698.3,1498.5,1.0,2341.8225
26,229,13.7537537537538,1115.55,1332.0,1348.65,0.26153846153846155,1255.8857142857144
26,250,15.015015015015,1465.2,1298.7,1215.45,0.19230769230769232,1350.2357142857145
26,277,16.6366366366366,1048.95,815.85,599.4,0.8769230769230769,1269.7166666666667
26,278,16.6966966966967,815.85,599.4,499.5,0.2076923076923077,815.85
26,432,25.9459459459459,549.45,133.2,249.75,0.8923076923076924,513.9876623376624
26,998,59.9399399399399,183.15,216.45,133.2,0.0,178.70803886925796
27,25,1.5015015015015,6310.35,6127.2,5860.8,0.1889763779527559,6360.965999999999
27,26,1.56156156156156,6127.2,5860.8,5611.05,0.6299212598425197,6127.2
27,27,1.62162162162162,5860.8,5611.05,5178.15,0.2755905511811024,5860.8
27,52,3.12312312312312,5144.85,6110.55,5760.9,0.29133858267716534,5557.770000000001
27,60,3.6036036036036,6127.2,5411.25,5344.65,0.21653543307086615,5746.331249999999
27,73,4.38438438438438,5194.8,4378.95,4095.9,1.0,5484.253846153846
27,88,5.28528528528529,4079.25,3846.15,3196.8,0.32677165354330706,4002.6600000000003
27,109,6.54654654654655,3796.2,3962.7,4195.8,0.2677165354330709,3837.428571428572
27,135,8.10810810810811,4462.2,3762.9,3679.65,0.3543307086614173,3988.9557692307694
27,151,9.06906906906907,4062.6,3829.5,3762.9,0.27165354330708663,3937.7250000000004
27,152,9.12912912912913,3829.5,3762.9,3862.8,0.25196850393700787,3829.5
27,178,10.6906906906907,3446.55,2181.15,1598.4,0.8622047244094488,3858.957692307692
27,179,10.7507507507508,2181.15,1598.4,1415.25,0.2559055118110236,2181.15
27,291,17.4774774774775,1098.9,666.0,582.75,0.9763779527559056,1445.7254464285713
27,442,26.5465465465465,532.8,216.45,166.5,0.6456692913385826,421.1016556291391
27,998,59.9399399399399,216.45,216.45,133.2,0.0,180.60458633093523
28,31,1.86186186186186,6177.15,5028.3,5377.95,0.24267782426778242,5894.637096774193
28,48,2.88288288288288,5927.4,5311.35,5727.6,0.7196652719665272,5810.849999999999
28,56,3.36336336336336,5261.4,5061.6,4761.9,0.35564853556485354,5363.38125
28,84,5.04504504504505,5028.3,4645.35,4828.5,0.37656903765690375,4905.208928571427
28,110,6.60660660660661,4478.85,5111.55,5810.85,0.3054393305439331,4740.767307692308
28,124,7.44744744744745,4195.8,3629.7,3296.7,0.5313807531380753,4853.475
28,125,7.50750750750751,3629.7,3296.7,3030.3,0.5104602510460251,3629.7
28,178,10.6906906906907,2497.5,2680.65,2664.0,0.2928870292887029,2492.1594339622643
28,185,11.1111111111111,2647.35,2497.5,2514.15,0.26359832635983266,2766.278571428571
28,198,11.8918918918919,1831.5,1265.4,1198.8,1.0,2401.4423076923076
28,233,13.993993993994,699.3,1132.2,765.9,0.33472803347280333,897.6728571428571
28,277,16.6366366366366,765.9,999.0,1248.75,0.2384937238493724,888.1261363636366
28,293,17.5975975975976,1198.8,632.7,549.45,0.2803347280334728,939.684375
28,341,20.4804804804805,599.4,266.4,283.05,0.8117154811715481,838.396875
28,521,31.2912912912913,249.75,83.25,249.75,0.3138075313807531,294.24249999999995
28,998,59.9399399399399,283.05,116.55,83.25,0.0,181.1952830188679
29,19,1.14114114114114,4795.2,4961.7,5128.2,0.23943661971830985,4812.726315789473
29,24,1.44144144144144,4428.9,5011.65,4928.4,0.22887323943661972,4848.4800000000005
29,26,1.56156156156156,4928.4,5244.75,5261.4,0.21830985915492956,4970.025
29,44,2.64264264264264,4528.8,3762.9,4179.15,0.8309859154929577,5078.25
29,60,3.6036036036036,3679.65,3596.4,3546.45,0.2640845070422535,3752.4937499999996
29,62,3.72372372372372,3546.45,3413.25,3296.7,0.1795774647887324,3571.425
29,82,4.92492492492492,3479.85,3746.25,4295.7,0.19014084507042253,3451.5450000000005
29,89,5.34534534534535,3896.1,3529.8,3463.2,0.18309859154929578,3762.9000000000005
29,108,6.48648648648649,3146.85,2630.7,2364.3,0.9154929577464789,3519.2842105263153
29,138,8.28828828828829,2197.8,2564.1,2863.8,0.25,2220.0
29,168,10.0900900900901,2081.25,1981.35,1515.15,0.4225352112676056,2246.64
29,169,10.1501501501502,1981.35,1515.15,1681.65,0.4647887323943662,1981.35
29,201,12.0720720720721,1931.4,1548.45,1448.55,0.38028169014084506,1726.9171875000002
29,234,14.0540540540541,1431.9,982.35,616.05,1.0,1670.55
29,365,21.9219219219219,566.1,299.7,283.05,0.8873239436619719,617.5751908396948
29,998,59.9399399399399,116.55,166.5,83.25,0.0,188.12132701421802
3,16,0.960960960960961,82900.35,77422.5,79636.95,0.9098712446351931,83157.384375
3,29,1.74174174174174,78787.8,76590.0,74475.45,0.5021459227467812,78634.1076923077
3,49,2.94294294294294,82467.45,73709.55,67948.65,0.5493562231759657,76811.44499999999
3,50,3.003003003003,73709.55,67948.65,69047.55,0.5965665236051502,73709.55
3,79,4.74474474474474,57758.85,49317.3,41292.0,0.9399141630901288,70579.92413793104
3,80,4.8048048048048,49317.3,41292.0,40975.65,0.22317596566523606,49317.3
3,92,5.52552552552553,40925.7,39077.55,39976.65,0.2145922746781116,40714.799999999996
3,107,6.42642642642643,38494.8,30153.15,22277.7,0.21888412017167383,39308.43000000001
3,108,6.48648648648649,30153.15,22277.7,18464.85,1.0,30153.15
3,142,8.52852852852853,18348.3,16416.9,15467.85,0.4034334763948498,19341.91323529412
3,143,8.58858858858859,16416.9,15467.85,14418.9,0.6051502145922747,16416.9
3,297,17.8378378378378,11388.6,8158.5,6793.2,0.9098712446351931,12689.246103896103
3,298,17.8978978978979,8158.5,6793.2,4861.8,0.3090128755364807,8158.5
3,439,26.3663663663664,4162.5,3130.2,2763.9,0.8583690987124464,4743.478723404255
3,567,34.0540540540541,2430.9,1964.7,1748.25,0.5236051502145923,2730.469921875
3,998,59.9399399399399,532.8,732.6,732.6,0.0,1366.767981438515
30,10,0.600600600600601,5344.65,6310.35,5810.85,0.5163934426229508,5411.250000000001
30,33,1.98198198198198,5244.75,4745.25,4628.7,0.7540983606557377,5607.43043478261
30,76,4.56456456456456,4978.35,4279.05,4195.8,0.22131147540983606,4565.5848837209305
30,82,4.92492492492492,4095.9,3729.6,3496.5,0.5983606557377049,4312.350000000001
30,83,4.98498498498498,3729.6,3496.5,3030.3,0.4672131147540984,3729.6
30,118,7.08708708708709,3346.65,3063.6,2913.75,0.22950819672131148,3211.0714285714284
30,142,8.52852852852853,3046.95,2664.0,2813.85,0.4959016393442623,3108.69375
30,144,8.64864864864865,2813.85,2680.65,2347.65,0.29508196721311475,2738.925
30,145,8.70870870870871,2680.65,2347.65,2380.95,0.46311475409836067,2680.65
30,199,11.951951951952,2464.2,1914.75,2114.55,0.5368852459016393,2195.3333333333335
30,253,15.1951951951952,2197.8,1881.45,1831.5,0.22540983606557377,2239.4250000000006
30,256,15.3753753753754,1665.0,1048.95,765.9,0.9672131147540983,1792.6499999999999
30,396,23.7837837837838,599.4,1082.25,832.5,0.19262295081967212,878.0496428571429
30,420,25.2252252252252,732.6,416.25,216.45,1.0,933.7875
30,594,35.6756756756757,233.1,199.8,216.45,0.2459016393442623,272.23706896551727
30,998,59.9399399399399,249.75,166.5,183.15,0.0,187.51856435643563
31,13,0.780780780780781,5644.35,6093.9,5827.5,0.3021276595744681,5707.107692307693
31,34,2.04204204204204,5278.05,4895.1,4878.45,0.7914893617021277,5577.75
31,40,2.4024024024024,4895.1,4195.8,4395.6,0.2851063829787234,4795.2
31,83,4.98498498498498,4279.05,3596.4,3046.95,0.2936170212765957,4519.5069767441855
31,84,5.04504504504505,3596.4,3046.95,3063.6,0.9148936170212766,3596.4
31,86,5.16516516516517,3063.6,2564.1,2214.45,0.2170212765957447,3055.2749999999996
31,168,10.0900900900901,2031.3,1748.25,1398.6,1.0,2344.1981707317073
31,200,12.012012012012,1431.9,1814.85,1481.85,0.2723404255319149,1489.1343749999999
31,230,13.8138138138138,1764.9,1431.9,1348.65,0.2553191489361702,1600.065
31,234,14.0540540540541,1448.55,1348.65,1315.35,0.30638297872340425,1386.1125
31,236,14.1741741741742,1315.35,1132.2,1048.95,0.46808510638297873,1332.0
31,330,19.8198198198198,982.35,849.15,782.55,0.2936170212765957,994.3946808510641
31,331,19.8798798798799,849.15,782.55,699.3,0.4127659574468085,849.15
31,419,25.1651651651652,649.35,449.55,499.5,0.8553191489361702,704.0301136363637
31,524,31.4714714714715,366.3,249.75,149.85,0.6893617021276596,388.9757142857143
31,998,59.9399399399399,183.15,266.4,199.8,0.0,180.6208860759494
32,19,1.14114114114114,5361.3,4961.7,4711.95,0.5465116279069767,5276.297368421052
32,36,2.16216216216216,4828.5,5461.2,5727.6,0.5406976744186046,4934.2764705882355
32,37,2.22222222222222,5461.2,5727.6,5877.45,0.9941860465116279,5461.2
32,63,3.78378378378378,6460.2,5844.15,6060.6,0.45930232558139533,6003.6057692307695
32,65,3.9039039039039,6060.6,5411.25,5144.85,0.7151162790697675,5952.375
32,86,5.16516516516517,5644.35,5061.6,5244.75,0.6918604651162791,5722.8428571428585
32,88,5.28528528528529,5244.75,4745.25,5294.7,0.6337209302325582,5153.175
32,125,7.50750750750751,4195.8,3696.3,3379.95,0.813953488372093,4486.049999999999
32,126,7.56756756756757,3696.3,3379.95,3363.3,0.6976744186046512,3696.3
32,189,11.3513513513514,2630.7,2380.95,2331.0,1.0,3051.1785714285716
32,190,11.4114114114114,2380.95,2331.0,1948.05,0.4186046511627907,2380.95
32,254,15.2552552552553,1531.8,1232.1,1098.9,0.8081395348837209,1945.70859375
32,352,21.1411411411411,699.3,632.7,366.3,0.4418604651162791,800.0494897959182
32,353,21.2012012012012,632.7,366.3,616.05,0.6046511627906976,632.7
32,445,26.7267267267267,449.55,183.15,199.8,0.8372093023255814,434.16684782608695
32,998,59.9399399399399,249.75,199.8,183.15,0.0,180.500452079566
33,9,0.540540540540541,4961.7,5494.5,5877.45,0.23461538461538461,5122.649999999999
33,33,1.98198198198198,4628.7,3879.45,3796.2,0.8923076923076924,5237.118750000001
33,91,5.46546546546547,3729.6,3063.6,2813.85,1.0,3750.556034482759
33,126,7.56756756756757,2980.35,2414.25,2763.9,0.5653846153846154,2678.7471428571434
33,128,7.68768768768769,2763.9,2331.0,2331.0,0.21923076923076923,2589.075
33,187,11.2312312312312,2730.6,2181.15,2214.45,0.2846153846153846,2648.761016949153
33,190,11.4114114114114,2264.4,2047.95,1848.15,0.29615384615384616,2220.0
33,191,11.4714714714715,2047.95,1848.15,1315.35,0.3346153846153846,2047.95
33,192,11.5315315315315,1848.15,1315.35,1748.25,0.3769230769230769,1848.15
33,242,14.5345345345345,1648.35,1332.0,1265.4,0.28076923076923077,1454.211
33,276,16.5765765765766,1332.0,1115.55,715.95,0.46153846153846156,1424.0647058823529
33,277,16.6366366366366,1115.55,715.95,582.75,0.6307692307692307,1115.55
33,378,22.7027027027027,849.15,566.1,599.4,0.2846153846153846,739.8534653465347
33,380,22.8228228228228,599.4,432.9,532.8,0.5307692307692308,582.75
33,568,34.1141141141141,333.0,133.2,99.9,0.27307692307692305,360.986170212766
33,998,59.9399399399399,249.75,233.1,149.85,0.0,199.21918604651162
34,13,0.780780780780781,6210.45,5661.0,5661.0,0.2674897119341564,5905.626923076923
34,25,1.5015015015015,5777.55,4578.75,5094.9,0.2674897119341564,5774.775000000001
34,27,1.62162162162162,5094.9,4245.75,4162.5,1.0,4836.825
34,29,1.74174174174174,4162.5,3663.0,3263.4,0.32098765432098764,4204.125
34,74,4.44444444444444,3479.85,2580.75,2181.15,0.654320987654321,3494.65
34,75,4.5045045045045,2580.75,2181.15,1864.8,0.3662551440329218,2580.75
34,103,6.18618618618619,1731.6,1398.6,1648.35,0.6419753086419753,1662.0267857142858
34,141,8.46846846846847,1398.6,1098.9,865.8,0.6748971193415638,1562.4710526315787
34,142,8.52852852852853,1098.9,865.8,599.4,0.49382716049382713,1098.9
34,202,12.1321321321321,915.75,715.95,882.45,0.21810699588477367,775.0575
34,231,13.8738738738739,649.35,499.5,449.55,0.720164609053498,756.1396551724138
34,232,13.9339339339339,499.5,449.55,333.0,0.448559670781893,499.5
34,325,19.5195195195195,516.15,316.35,283.05,0.24279835390946503,370.77580645161294
34,349,20.960960960961,366.3,233.1,382.95,0.3497942386831276,365.60625
34,408,24.5045045045045,333.0,183.15,166.5,0.4732510288065844,278.2525423728814
34,998,59.9399399399399,199.8,199.8,133.2,0.0,198.2478813559322
35,19,1.14114114114114,6077.25,6926.4,6177.15,0.34507042253521125,6323.494736842105
35,22,1.32132132132132,6543.45,6926.4,6360.3,0.2676056338028169,6549.0
35,29,1.74174174174174,6959.7,6293.7,6826.5,0.16901408450704225,6814.607142857142
35,40,2.4024024024024,6876.45,5760.9,6110.55,0.2852112676056338,6628.2136363636355
35,46,2.76276276276276,5977.35,7559.1,6510.15,0.36619718309859156,6240.975000000001
35,69,4.14414414414414,6676.65,5894.1,5977.35,0.8943661971830986,6568.786956521738
35,123,7.38738738738739,5644.35,4345.65,3646.35,0.5633802816901409,5560.791666666664
35,124,7.44744744744745,4345.65,3646.35,3080.25,0.43661971830985913,4345.65
35,143,8.58858858858859,3446.55,3030.3,3096.9,0.3345070422535211,3293.1947368421056
35,163,9.78978978978979,2713.95,3046.95,3346.65,0.22887323943661972,2990.3399999999997
35,197,11.8318318318318,2863.8,2097.9,1698.3,0.823943661971831,3017.0779411764706
35,198,11.8918918918919,2097.9,1698.3,1831.5,0.16901408450704225,2097.9
35,226,13.5735735735736,1881.45,1431.9,1398.6,0.22183098591549297,1700.6785714285713
35,310,18.6186186186186,1248.75,815.85,499.5,1.0,1642.6017857142856
35,458,27.5075075075075,499.5,349.65,166.5,0.6619718309859155,569.25
35,998,59.9399399399399,233.1,199.8,133.2,0.0,205.3191666666667
36,15,0.900900900900901,6177.15,6360.3,6360.3,0.2692307692307692,6204.9
36,33,1.98198198198198,6460.2,5344.65,5328.0,0.22692307692307692,6428.749999999999
36,35,2.1021021021021,5328.0,4029.3,3629.7,0.8923076923076924,5336.325
36,76,4.56456456456456,3063.6,2530.8,2730.6,0.4269230769230769,3051.417073170732
36,89,5.34534534534535,2397.6,2047.95,2081.25,0.9461538461538461,2767.7423076923073
36,142,8.52852852852853,1332.0,1798.2,1748.25,0.6115384615384616,1610.9660377358493
36,185,11.1111111111111,1814.85,1531.8,1481.85,0.2923076923076923,1713.401162790698
36,194,11.6516516516517,1398.6,865.8,882.45,1.0,1507.75
36,227,13.6336336336336,516.15,899.1,732.6,0.2153846153846154,784.0636363636364
36,262,15.7357357357357,882.45,599.4,715.95,0.35,806.3357142857142
36,311,18.6786786786787,765.9,666.0,649.35,0.27307692307692305,771.3367346938777
36,320,19.2192192192192,582.75,482.85,399.6,0.21923076923076923,608.65
36,321,19.2792792792793,482.85,399.6,532.8,0.18461538461538463,482.85
36,323,19.3993993993994,532.8,382.95,283.05,0.45,466.2
36,504,30.2702702702703,266.4,149.85,283.05,0.5153846153846153,297.40027624309397
36,998,59.9399399399399,266.4,166.5,266.4,0.0,198.2158906882591
37,14,0.840840840840841,4595.4,5111.55,4795.2,0.31272727272727274,4771.414285714286
37,31,1.86186186186186,4678.65,4129.2,4495.5,1.0,4909.791176470587
37,60,3.6036036036036,4162.5,3996.0,3696.3,0.18545454545454546,4146.424137931033
37,77,4.62462462462462,3729.6,3130.2,3063.6,0.8581818181818182,4002.8558823529415
37,80,4.8048048048048,2997.0,2797.2,2264.4,0.19272727272727272,3063.6
37,92,5.52552552552553,2963.7,2314.35,2863.8,0.16727272727272727,2694.525
37,132,7.92792792792793,2430.9,2264.4,2281.05,0.17454545454545456,2589.49125
37,135,8.10810810810811,2347.65,2014.65,2131.2,0.6836363636363636,2297.7000000000003
37,183,10.990990990991,1581.75,2081.25,1848.15,0.37454545454545457,1905.3843749999999
37,195,11.7117117117117,1931.4,1631.7,1515.15,0.7090909090909091,2043.7875000000001
37,202,12.1321321321321,1681.65,1415.25,1415.25,0.1709090909090909,1714.9500000000003
37,263,15.7957957957958,1531.8,1048.95,949.05,0.8581818181818182,1547.0852459016394
37,264,15.8558558558559,1048.95,949.05,666.0,0.17454545454545456,1048.95
37,373,22.4024024024024,699.3,416.25,582.75,0.19272727272727272,635.6022935779816
37,416,24.984984984985,616.05,366.3,133.2,0.8145454545454546,625.3430232558139
37,998,59.9399399399399,199.8,216.45,183.15,0.0,196.22396907216495
38,7,0.42042042042042,4928.4,5710.95,5877.45,0.20503597122302158,5396.978571428571
38,15,0.900900900900901,5794.2,5028.3,5544.45,0.6330935251798561,5754.65625
38,31,1.86186186186186,5144.85,4329.0,4628.7,1.0,5370.665625
38,48,2.88288288288288,4878.45,3929.4,4312.35,0.29136690647482016,4354.464705882353
38,74,4.44444444444444,4079.25,4495.5,4312.35,0.2517985611510791,4150.973076923077
38,109,6.54654654654655,3746.25,3396.6,2780.55,0.841726618705036,4305.214285714285
38,110,6.60660660660661,3396.6,2780.55,2397.6,0.17985611510791366,3396.6
38,134,8.04804804804805,2514.15,2947.05,2514.15,0.17985611510791366,2633.475
38,140,8.40840840840841,3446.55,2364.3,2497.5,0.19784172661870503,2924.8500000000004
38,191,11.4714714714715,2697.3,2347.65,2830.5,0.21942446043165467,2676.0794117647056
38,223,13.3933933933934,2347.65,1748.25,1848.15,0.9244604316546763,2566.7015625000004
38,340,20.4204204204204,1282.05,949.05,899.1,0.8237410071942446,1385.0807692307687
38,439,26.3663663663664,599.4,815.85,832.5,0.24100719424460432,719.9863636363638
38,474,28.4684684684685,666.0,549.45,299.7,0.6834532374100719,818.2285714285713
38,688,41.3213213213213,416.25,249.75,316.35,0.35251798561151076,388.8630841121496
38,998,59.9399399399399,183.15,216.45,149.85,0.0,208.17870967741936
39,9,0.540540540540541,5661.0,6809.85,6360.3,0.403921568627451,6142.0
39,26,1.56156156156156,5760.9,4761.9,4512.15,1.0,6297.617647058823
39,64,3.84384384384384,4378.95,3646.35,3529.8,0.8274509803921568,4525.294736842105
39,65,3.9039039039039,3646.35,3529.8,3563.1,0.2823529411764706,3646.35
39,67,4.02402402402402,3563.1,3213.45,3180.15,0.2823529411764706,3546.45
39,120,7.20720720720721,3363.3,2963.7,2880.45,0.3137254901960784,3084.9622641509427
39,121,7.26726726726727,2963.7,2880.45,2797.2,0.2235294117647059,2963.7
39,149,8.94894894894895,3146.85,2747.25,2730.6,0.2549019607843137,2980.9446428571428
39,181,10.8708708708709,2547.45,2164.5,1598.4,0.5803921568627451,2988.675
39,182,10.9309309309309,2164.5,1598.4,1315.35,0.5333333333333333,2164.5
39,192,11.5315315315315,1448.55,1082.25,1332.0,0.39215686274509803,1405.2599999999998
39,224,13.4534534534535,882.45,1282.05,1415.25,0.25098039215686274,1210.246875
39,262,15.7357357357357,1115.55,782.55,732.6,0.9098039215686274,1286.869736842105
39,355,21.3213213213213,899.1,549.45,549.45,0.7333333333333333,706.8193548387098
39,453,27.2072072072072,532.8,316.35,216.45,0.6431372549019608,501.36887755102043
39,998,59.9399399399399,366.3,183.15,233.1,0.0,201.60247706422018
4,6,0.36036036036036,206493.3,211721.4,214168.95,0.31851851851851853,204242.77500000002
4,7,0.42042042042042,211721.4,214168.95,214501.95,0.2,211721.4
4,28,1.68168168168168,190242.9,134265.6,113136.75,0.8,214049.2285714286
4,29,1.74174174174174,134265.6,113136.75,113719.5,0.21481481481481482,134265.6
4,54,3.24324324324324,104528.7,98185.05,93556.35,0.9148148148148149,108055.17
4,89,5.34534534534535,93323.25,91458.45,93223.35,0.337037037037037,94367.91857142858
4,127,7.62762762762763,89826.75,82633.95,75341.25,0.35185185185185186,91266.53684210526
4,128,7.68768768768769,82633.95,75341.25,73459.8,0.6925925925925925,82633.95
4,172,10.3303303303303,58058.55,50366.25,45720.9,0.7518518518518519,71833.77613636362
4,208,12.4924924924925,32034.6,25674.3,21095.55,1.0,42790.5
4,306,18.3783783783784,18914.4,15684.3,14751.9,0.15555555555555556,18791.054081632654
4,307,18.4384384384384,15684.3,14751.9,13369.95,0.6814814814814815,15684.3
4,396,23.7837837837838,10506.15,9140.85,8025.3,0.774074074074074,11919.155056179774
4,485,29.1291291291291,6826.5,6476.85,5661.0,0.37777777777777777,8072.069662921348
4,546,32.7927927927928,4512.15,3729.6,2897.1,0.674074074074074,5502.415573770492
4,998,59.9399399399399,732.6,699.3,649.35,0.0,1278.32953539823
40,18,1.08108108108108,6410.25,5944.05,6277.05,0.2923728813559322,6376.950000000001
40,29,1.74174174174174,6060.6,5311.35,5994.0,0.8559322033898306,6118.118181818182
40,57,3.42342342342342,5228.1,5994.0,5760.9,0.4067796610169492,5568.830357142857
40,60,3.6036036036036,5511.15,6210.45,6227.1,0.3686440677966102,5755.349999999999
40,85,5.10510510510511,5411.25,4462.2,4112.55,0.559322033898305,5770.89
40,86,5.16516516516517,4462.2,4112.55,4079.25,0.6271186440677966,4462.2
40,88,5.28528528528529,4079.25,3213.45,3546.45,0.2542372881355932,4095.9
40,136,8.16816816816817,3146.85,3862.8,3263.4,0.4661016949152542,3128.8125
40,161,9.66966966966967,2597.4,2231.1,1964.7,0.6101694915254238,3180.1499999999996
40,162,9.72972972972973,2231.1,1964.7,1548.45,0.3940677966101695,2231.1
40,234,14.0540540540541,1448.55,1165.5,1082.25,0.2711864406779661,1439.06875
40,294,17.6576576576577,1332.0,899.1,699.3,1.0,1428.2925
40,469,28.1681681681682,616.05,382.95,499.5,0.2796610169491525,585.9848571428572
40,472,28.3483483483483,482.85,366.3,166.5,0.5677966101694916,455.1000000000001
40,627,37.6576576576577,266.4,233.1,266.4,0.2330508474576271,295.51064516129037
40,998,59.9399399399399,266.4,149.85,316.35,0.0,204.6469002695418
41,34,2.04204204204204,5527.8,4412.25,5011.65,0.9548872180451128,6064.02794117647
41,55,3.3033033033033,3996.0,4878.45,4528.8,0.15789473684210525,4587.471428571429
41,77,4.62462462462462,5094.9,4478.85,4412.25,0.16165413533834586,4685.461363636364
41,87,5.22522522522523,5011.65,4245.75,4345.65,0.3082706766917293,4600.395
41,92,5.52552552552553,4612.05,3629.7,4079.25,0.9774436090225563,4319.01
41,104,6.24624624624625,3246.75,3679.65,3729.6,0.13533834586466165,3500.6625000000004
41,111,6.66666666666667,3379.95,3429.9,3563.1,0.20300751879699247,3629.7000000000003
41,113,6.78678678678679,3563.1,3246.75,3479.85,0.14285714285714285,3496.5
41,140,8.40840840840841,3180.15,3579.75,3812.85,0.2556390977443609,3444.0833333333335
41,180,10.8108108108108,3213.45,2397.6,2231.1,0.9774436090225563,3574.7549999999997
41,232,13.9339339339339,2214.45,1798.2,2131.2,0.16917293233082706,2110.0673076923076
41,247,14.8348348348348,1831.5,2397.6,1814.85,0.19548872180451127,1962.4800000000002
41,280,16.8168168168168,1998.0,1298.7,1198.8,0.9661654135338346,2075.1954545454546
41,413,24.8048048048048,765.9,516.15,532.8,1.0,949.3003759398497
41,537,32.2522522522523,349.65,183.15,116.55,0.2857142857142857,319.7068548387097
41,998,59.9399399399399,66.6,233.1,216.45,0.0,203.5922993492408
42,9,0.540540540540541,6476.85,5661.0,6010.65,0.47692307692307695,6190.1
42,69,4.14414414414414,5710.95,4911.75,5477.85,0.9076923076923077,5977.35
42,80,4.8048048048048,5710.95,5061.6,4895.1,0.27692307692307694,5206.909090909091
42,137,8.22822822822823,4895.1,5228.1,5328.0,0.38846153846153847,5000.8421052631575
42,160,9.60960960960961,4395.6,3479.85,3529.8,1.0,5060.876086956522
42,165,9.90990990990991,3429.9,3063.6,3030.3,0.23461538461538461,3409.9200000000005
42,204,12.2522522522523,3313.35,2580.75,2863.8,0.65,3087.0807692307694
42,252,15.1351351351351,3130.2,2564.1,2264.4,0.20384615384615384,3028.21875
42,253,15.1951951951952,2564.1,2264.4,1981.35,0.36923076923076925,2564.1
42,254,15.2552552552553,2264.4,1981.35,1431.9,0.5576923076923077,2264.4
42,255,15.3153153153153,1981.35,1431.9,1232.1,0.23076923076923078,1981.35
42,291,17.4774774774775,1598.4,1198.8,1098.9,0.36923076923076925,1368.5375000000001
42,361,21.6816816816817,1065.6,782.55,499.5,0.7076923076923077,1307.262857142857
42,362,21.7417417417417,782.55,499.5,399.6,0.38461538461538464,782.55
42,463,27.8078078078078,366.3,199.8,216.45,0.27692307692307694,312.39356435643566
42,998,59.9399399399399,283.05,116.55,233.1,0.0,199.27093457943926
43,18,1.08108108108108,5877.45,5094.9,3846.15,0.4358974358974359,5974.575000000001
43,19,1.14114114114114,5094.9,3846.15,4329.0,0.9692307692307692,5094.9
43,56,3.36336336336336,4345.65,3812.85,3829.5,0.36923076923076925,4211.099999999999
43,59,3.54354354354354,3613.05,3446.55,3130.2,0.49743589743589745,3751.8000000000006
43,60,3.6036036036036,3446.55,3130.2,2897.1,0.41025641025641024,3446.55
43,102,6.12612612612613,3263.4,2880.45,2880.45,0.5333333333333333,3080.2499999999995
43,129,7.74774774774775,2930.4,2780.55,2547.45,0.6923076923076923,3057.4333333333334
43,130,7.80780780780781,2780.55,2547.45,2797.2,0.49743589743589745,2780.55
43,155,9.30930930930931,2147.85,1914.75,1615.05,0.958974358974359,2464.2
43,156,9.36936936936937,1914.75,1615.05,1581.75,0.36923076923076925,1914.75
43,187,11.2312312312312,1398.6,1082.25,1215.45,1.0,1511.390322580645
43,219,13.1531531531532,1032.3,932.4,832.5,0.4153846153846154,1094.2171875
43,236,14.1741741741742,1082.25,715.95,882.45,0.41025641025641024,973.535294117647
43,273,16.3963963963964,1182.15,699.3,632.7,0.7025641025641025,908.55
43,364,21.8618618618619,432.9,283.05,233.1,0.9897435897435898,557.8664835164835
43,998,59.9399399399399,299.7,116.55,216.45,0.0,200.92925867507884
44,24,1.44144144144144,7042.95,6260.4,5927.4,0.573943661971831,6701.625
44,37,2.22222222222222,6393.6,6743.25,6793.2,0.15845070422535212,6519.115384615385
44,41,2.46246246246246,6243.75,7026.3,7142.85,0.23943661971830985,6655.8375
44,47,2.82282282282282,7126.2,6726.6,6693.3,0.1795774647887324,6976.349999999999
44,67,4.02402402402402,6110.55,4695.3,4478.85,1.0,6673.32
44,69,4.14414414414414,4478.85,3696.3,3729.6,0.2640845070422535,4587.075000000001
44,81,4.86486486486486,3812.85,3346.65,3113.55,0.2992957746478873,3804.5249999999996
44,101,6.06606606606607,3796.2,3613.05,3446.55,0.19014084507042253,3670.4924999999994
44,132,7.92792792792793,3513.15,2530.8,2331.0,1.0,3681.2612903225813
44,135,8.10810810810811,2530.8,1964.7,2047.95,0.15140845070422534,2464.2000000000003
44,242,14.5345345345345,1998.0,1182.15,1748.25,0.9929577464788732,1990.2196261682243
44,339,20.3603603603604,1215.45,832.5,416.25,0.5492957746478874,1227.637113402062
44,340,20.4204204204204,832.5,416.25,432.9,0.4507042253521127,832.5
44,468,28.1081081081081,549.45,249.75,216.45,0.5422535211267606,469.19179687499997
44,549,32.972972972973,333.0,266.4,283.05,0.3028169014084507,346.56666666666666
44,998,59.9399399399399,299.7,233.1,216.45,0.0,206.77149220489977
45,8,0.48048048048048,7109.55,6726.6,6360.3,0.32644628099173556,6951.375
45,30,1.8018018018018,5611.05,4578.75,4345.65,0.4090909090909091,6644.106818181817
45,31,1.86186186186186,4578.75,4345.65,3113.55,0.35537190082644626,4578.75
45,32,1.92192192192192,4345.65,3113.55,2847.15,0.32231404958677684,4345.65
45,34,2.04204204204204,2847.15,2164.5,2497.5,0.2768595041322314,2980.3500000000004
45,59,3.54354354354354,2114.55,1531.8,1498.5,1.0,2275.722
45,62,3.72372372372372,1415.25,1048.95,1148.85,0.2975206611570248,1481.8500000000001
45,101,6.06606606606607,1115.55,1098.9,1082.25,0.4462809917355372,1115.9769230769232
45,120,7.20720720720721,1132.2,932.4,882.45,0.5495867768595041,1054.2078947368423
45,121,7.26726726726727,932.4,882.45,715.95,0.6033057851239669,932.4
45,209,12.5525525525526,666.0,516.15,532.8,0.7768595041322314,744.8982954545453
45,308,18.4984984984985,366.3,299.7,316.35,0.34297520661157027,416.4181818181819
45,364,21.8618618618619,366.3,283.05,166.5,0.2644628099173554,305.3491071428572
45,365,21.9219219219219,283.05,166.5,133.2,0.5909090909090909,283.05
45,433,26.006006006006,299.7,183.15,166.5,0.3760330578512397,227.46838235294118
45,998,59.9399399399399,133.2,216.45,166.5,0.0,203.24787610619467
46,21,1.26126126126126,5577.75,6027.3,6327.0,0.2555066079295154,5959.114285714286
46,39,2.34234234234234,5727.6,6343.65,5860.8,0.3524229074889868,6023.6
46,41,2.46246246246246,5860.8,6610.05,6310.35,0.6916299559471366,6102.225
46,56,3.36336336336336,6110.55,6793.2,6610.05,0.2555066079295154,6365.85
46,66,3.96396396396396,6426.9,5661.0,5927.4,0.7312775330396476,6473.52
46,76,4.56456456456456,5877.45,4945.05,5294.7,0.3568281938325991,5770.889999999999
46,87,5.22522522522523,4895.1,3796.2,2880.45,1.0,5314.377272727273
46,130,7.80780780780781,2797.2,2380.95,2181.15,0.8898678414096917,2872.7058139534884
46,131,7.86786786786787,2380.95,2181.15,2281.05,0.29955947136563876,2380.95
46,163,9.78978978978979,1831.5,2414.25,1998.0,0.6079295154185022,2037.0234375
46,212,12.7327327327327,1698.3,1465.2,1232.1,0.5726872246696035,2032.6591836734694
46,213,12.7927927927928,1465.2,1232.1,1015.65,0.5594713656387665,1465.2
46,296,17.7777777777778,899.1,682.65,616.05,0.7709251101321586,947.2445783132532
46,412,24.7447447447447,482.85,416.25,449.55,0.3700440528634361,547.8711206896552
46,484,29.0690690690691,416.25,216.45,166.5,0.4713656387665198,342.48125000000005
46,998,59.9399399399399,349.65,233.1,266.4,0.0,241.68414396887158
47,15,0.900900900900901,5694.3,6426.9,7092.9,0.42924528301886794,6122.759999999999
47,34,2.04204204204204,5611.05,5377.95,4329.0,0.24528301886792453,6208.6973684210525
47,35,2.1021021021021,5377.95,4329.0,4878.45,0.8301886792452831,5377.95
47,40,2.4024024024024,4745.25,3629.7,3396.6,0.4811320754716981,4498.83
47,46,2.76276276276276,3413.25,3013.65,2580.75,0.2783018867924528,3352.1999999999994
47,99,5.94594594594595,3180.15,2797.2,2447.55,0.3160377358490566,3057.002830188679
47,102,6.12612612612613,2597.4,2047.95,1598.4,1.0,2614.0499999999997
47,154,9.24924924924925,2014.65,1681.65,1764.9,0.38207547169811323,1840.145192307692
47,192,11.5315315315315,1615.05,1381.95,899.1,0.6650943396226415,1808.2776315789474
47,193,11.5915915915916,1381.95,899.1,882.45,0.6745283018867925,1381.95
47,254,15.2552552552553,1198.8,799.2,815.85,0.39622641509433965,986.9901639344263
47,311,18.6786786786787,882.45,749.25,482.85,0.33962264150943394,961.6105263157896
47,312,18.7387387387387,749.25,482.85,566.1,0.9811320754716981,749.25
47,446,26.7867867867868,399.6,316.35,366.3,0.4386792452830189,432.90000000000003
47,527,31.6516516516517,316.35,199.8,233.1,0.27358490566037735,296.6166666666666
47,998,59.9399399399399,233.1,349.65,249.75,0.0,251.3761146496815
48,6,0.36036036036036,3563.1,4195.8,4162.5,0.38961038961038963,3871.125
48,37,2.22222222222222,3463.2,2614.05,2097.9,0.9437229437229437,4004.5935483870962
48,40,2.4024024024024,1998.0,1781.55,1731.6,0.24242424242424243,2236.65
48,53,3.18318318318318,1864.8,1565.1,1615.05,0.27705627705627706,1764.8999999999999
48,67,4.02402402402402,1681.65,1315.35,1115.55,1.0,1619.8071428571432
48,108,6.48648648648649,1082.25,982.35,865.8,0.7142857142857143,1269.8670731707318
48,109,6.54654654654655,982.35,865.8,749.25,0.4069264069264069,982.35
48,157,9.42942942942943,765.9,699.3,666.0,0.2813852813852814,835.6218749999999
48,158,9.48948948948949,699.3,666.0,649.35,0.3333333333333333,699.3
48,159,9.54954954954955,666.0,649.35,516.15,0.4155844155844156,666.0
48,188,11.2912912912913,449.55,582.75,632.7,0.5670995670995671,505.8155172413793
48,216,12.972972972973,599.4,399.6,499.5,0.6233766233766234,544.0982142857142
48,218,13.0930930930931,499.5,266.4,333.0,0.5108225108225108,449.55
48,285,17.1171171171171,482.85,233.1,399.6,0.4805194805194805,380.4649253731343
48,595,35.7357357357357,399.6,216.45,249.75,0.2597402597402597,264.19790322580644
48,998,59.9399399399399,266.4,266.4,166.5,0.0,252.06364764267988
49,30,1.8018018018018,6593.4,6177.15,6177.15,0.642512077294686,6507.929999999999
49,74,4.44444444444444,6376.95,5627.7,4945.05,0.893719806763285,6123.0375
49,75,4.5045045045045,5627.7,4945.05,5328.0,0.4782608695652174,5627.7
49,125,7.50750750750751,5294.7,4662.0,5028.3,0.9806763285024155,5327.6669999999995
49,127,7.62762762762763,5028.3,4595.4,4229.1,0.34782608695652173,4845.15
49,183,10.990990990991,4662.0,3996.0,3979.35,0.2995169082125604,4496.689285714286
49,187,11.2312312312312,4012.65,4079.25,3330.0,0.34782608695652173,4020.975
49,188,11.2912912912913,4079.25,3330.0,3063.6,0.9855072463768116,4079.25
49,253,15.1951951951952,3296.7,2780.55,2830.5,0.6086956521739131,3264.9369230769234
49,264,15.8558558558559,2963.7,2380.95,2813.85,0.36231884057971014,2875.909090909091
49,316,18.978978978979,2281.05,2047.95,1848.15,0.6231884057971014,2607.6461538461535
49,317,19.039039039039,2047.95,1848.15,2097.9,0.30917874396135264,2047.95
49,411,24.6846846846847,1248.75,1065.6,899.1,0.7004830917874396,1464.3143617021276
49,412,24.7447447447447,1065.6,899.1,915.75,0.2898550724637681,1065.6
49,466,27.987987987988,965.7,599.4,699.3,1.0,950.5916666666666
49,998,59.9399399399399,216.45,299.7,283.05,0.0,363.60845864661655
5,8,0.48048048048048,122460.75,122643.9,123659.55,0.2608695652173913,118924.70624999999
5,27,1.62162162162162,116949.6,103446.45,89060.85,0.8623188405797102,124668.18947368422
5,55,3.3033033033033,85314.6,81218.7,82950.3,0.32608695652173914,87006.35892857144
5,66,3.96396396396396,84049.2,79853.4,84182.4,0.2572463768115942,83094.09545454544
5,68,4.08408408408408,84182.4,80153.1,79986.6,0.2536231884057971,82017.9
5,89,5.34534534534535,74775.15,70213.05,66050.55,1.0,79602.85714285714
5,137,8.22822822822823,62337.6,60805.8,58674.6,0.21014492753623187,63395.56875
5,138,8.28828828828829,60805.8,58674.6,58524.75,0.5869565217391305,60805.8
5,165,9.90990990990991,53812.8,38927.7,26506.8,0.8297101449275363,57868.61666666666
5,234,14.0540540540541,19130.85,15884.1,16416.9,0.9637681159420289,21587.328260869563
5,293,17.5975975975976,13619.7,11888.1,10339.65,0.7644927536231884,14759.237288135591
5,333,20.0,10039.95,9407.25,8824.5,0.27898550724637683,10860.37875
5,334,20.0600600600601,9407.25,8824.5,9157.5,0.32971014492753625,9407.25
5,414,24.8648648648649,6759.9,6560.1,5477.85,0.2644927536231884,7582.410000000001
5,481,28.8888888888889,5960.7,4462.2,4345.65,0.35144927536231885,5581.974626865672
5,998,59.9399399399399,566.1,782.55,715.95,0.0,1784.770502901354
50,22,1.32132132132132,6293.7,5794.2,5427.9,0.20161290322580644,6146.8772727272735
50,33,1.98198198198198,5494.5,4711.95,4229.1,0.8951612903225806,5819.931818181817
50,34,2.04204204204204,4711.95,4229.1,4112.55,0.23790322580645162,4711.95
50,71,4.26426426426426,4045.95,3446.55,3496.5,1.0,4106.25
50,100,6.00600600600601,3163.5,3629.7,3896.1,0.5524193548387096,3354.6879310344825
50,126,7.56756756756757,3113.55,2564.1,2863.8,0.6895161290322581,3448.4711538461543
50,160,9.60960960960961,2763.9,2264.4,2730.6,0.2701612903225806,2743.822058823529
50,170,10.2102102102102,2447.55,2397.6,2114.55,0.4274193548387097,2562.435
50,171,10.2702702702703,2397.6,2114.55,2181.15,0.31451612903225806,2397.6
50,210,12.6126126126126,1964.7,1615.05,1365.3,0.9435483870967742,2201.6423076923074
50,264,15.8558558558559,1548.45,1065.6,1348.65,0.7741935483870968,1440.225
50,298,17.8978978978979,1048.95,815.85,949.05,0.592741935483871,1167.4588235294118
50,345,20.7207207207207,749.25,566.1,582.75,0.3951612903225806,726.5776595744682
50,397,23.8438438438438,516.15,382.95,466.2,0.39919354838709675,539.2038461538461
50,481,28.8888888888889,549.45,233.1,299.7,0.20161290322580644,403.76249999999993
50,998,59.9399399399399,266.4,266.4,299.7,0.0,264.08123791102514
6,7,0.42042042042042,84482.1,90476.1,85947.3,0.41923076923076924,86118.55714285714
6,25,1.5015015015015,89477.1,87412.5,88211.7,0.17692307692307693,88442.95000000001
6,38,2.28228228228228,87961.95,86097.15,85431.15,0.26153846153846155,87438.11538461539
6,81,4.86486486486486,80552.7,63419.85,37845.45,0.18461538461538463,84738.81976744188
6,82,4.92492492492492,63419.85,37845.45,26023.95,0.8115384615384615,63419.85
6,83,4.98498498498498,37845.45,26023.95,22943.7,0.23461538461538461,37845.45
6,111,6.66666666666667,24658.65,23293.35,22777.2,0.2230769230769231,24039.62678571429
6,134,8.04804804804805,23892.75,22111.2,23260.05,0.2653846153846154,23402.660869565214
6,157,9.42942942942943,21112.2,16366.95,13769.55,1.0,22848.143478260867
6,205,12.3123123123123,12271.05,9773.55,9274.05,0.9923076923076923,13220.1
6,252,15.1351351351351,8091.9,6826.5,6376.95,0.9384615384615385,8481.58085106383
6,329,19.7597597597598,5760.9,4595.4,4612.05,0.6807692307692308,5875.72012987013
6,388,23.3033033033033,4095.9,3546.45,2813.85,0.5923076923076923,4386.287288135593
6,389,23.3633633633634,3546.45,2813.85,2880.45,0.34615384615384615,3546.45
6,452,27.1471471471471,2747.25,2114.55,2097.9,0.2076923076923077,2667.7000000000003
6,998,59.9399399399399,499.5,482.85,682.65,0.0,1056.66510989011
7,11,0.660660660660661,48351.6,46703.25,43306.65,0.5158730158730159,53903.61818181817
7,12,0.720720720720721,46703.25,43306.65,43156.8,0.4126984126984127,46703.25
7,34,2.04204204204204,36496.8,33866.1,34781.85,0.8531746031746031,38791.47272727274
7,46,2.76276276276276,33200.1,30835.8,31385.25,0.4603174603174603,33795.3375
7,60,3.6036036036036,28854.45,28121.85,28105.2,0.44047619047619047,30668.110714285714
7,116,6.96696696696697,22327.65,18747.9,17565.75,1.0,25139.41875
7,182,10.9309309309309,9423.9,8141.85,5977.35,0.7619047619047619,13635.088636363638
7,276,16.5765765765766,3779.55,2564.1,2847.15,0.6984126984126984,5011.827127659574
7,357,21.4414414414414,2197.8,1731.6,1265.4,0.4523809523809524,2455.772222222222
7,392,23.5435435435435,2547.45,3862.8,4678.65,0.3055555555555556,1626.9428571428568
7,394,23.6636636636637,4678.65,7725.6,11038.95,0.36507936507936506,4270.725
7,402,24.1441441441441,9157.5,3912.75,2680.65,0.4880952380952381,11856.88125
7,403,24.2042042042042,3912.75,2680.65,2114.55,0.25793650793650796,3912.75
7,483,29.009009009009,1531.8,949.05,882.45,0.47619047619047616,1866.4650000000001
7,621,37.2972972972973,715.95,499.5,299.7,0.3333333333333333,878.7097826086955
7,998,59.9399399399399,116.55,316.35,333.0,0.0,242.33037135278516
8,16,0.960960960960961,12737.25,13353.3,14568.75,0.20588235294117646,13114.996875
8,32,1.92192192192192,13936.05,14768.55,15950.7,0.6470588235294118,13476.09375
8,48,2.88288288288288,15168.15,13120.2,11854.8,0.8345588235294118,14977.715625
8,49,2.94294294294294,13120.2,11854.8,12454.2,0.17647058823529413,13120.2
8,89,5.34534534534535,11838.15,10905.75,9107.55,0.19117647058823528,12332.655
8,90,5.40540540540541,10905.75,9107.55,7309.35,0.8014705882352942,10905.75
8,91,5.46546546546547,9107.55,7309.35,6410.25,0.2426470588235294,9107.55
8,143,8.58858858858859,6227.1,6709.95,6110.55,0.19852941176470587,6418.254807692308
8,192,11.5315315315315,5777.55,3862.8,2930.4,1.0,6398.017346938776
8,360,21.6216216216216,2214.45,1981.35,1315.35,0.5036764705882353,2727.825
8,361,21.6816816816817,1981.35,1315.35,1148.85,0.4889705882352941,1981.35
8,504,30.2702702702703,1182.15,965.7,782.55,0.4338235294117647,1265.2835664335664
8,505,30.3303303303303,965.7,782.55,616.05,0.39705882352941174,965.7
8,625,37.5375375375375,649.35,432.9,516.15,0.19852941176470587,685.98
8,709,42.5825825825826,349.65,149.85,183.15,0.20220588235294118,367.09285714285716
8,998,59.9399399399399,283.05,166.5,116.55,0.0,187.75899653979238
9,8,0.48048048048048,45004.95,40276.35,39127.5,0.2336065573770492,48189.2625
9,9,0.540540540540541,40276.35,39127.5,36263.7,0.35655737704918034,40276.35
9,11,0.660660660660661,36263.7,33300.0,30902.4,0.3073770491803279,37695.6
9,34,2.04204204204204,32484.15,30519.45,29986.65,0.7786885245901639,31663.23260869566
9,53,3.18318318318318,30602.7,27639.0,25724.25,0.8319672131147541,30541.357894736837
9,54,3.24324324324324,27639.0,25724.25,26040.6,0.3073770491803279,27639.0
9,81,4.86486486486486,24758.55,26140.5,26406.9,0.30327868852459017,25605.23333333333
9,94,5.64564564564565,23326.65,20129.85,19047.6,1.0,25735.776923076923
9,137,8.22822822822823,12470.85,10522.8,8308.35,0.8114754098360656,18606.95581395349
9,140,8.40840840840841,6360.3,4662.0,4079.25,0.2581967213114754,8397.15
9,206,12.3723723723724,3746.25,3363.3,2963.7,0.45491803278688525,4079.249999999999
9,207,12.4324324324324,3363.3,2963.7,2580.75,0.5901639344262295,3363.3
9,300,18.018018018018,2364.3,1748.25,1748.25,0.8565573770491803,2546.3758064516132
9,395,23.7237237237237,982.35,849.15,782.55,0.19262295081967212,1361.7947368421053
9,515,30.9309309309309,482.85,399.6,399.6,0.4139344262295082,665.0287500000001
9,998,59.9399399399399,266.4,283.05,249.75,0.0,244.92391304347825
